Temp(C),CTE(10e-6 1/K)
198.83268,10.88442
299.61089,11.41227
397.66537,11.90217
498.44358,12.43002
596.49805,12.76754
697.27626,13.10491
