Temp (C),ThermalConductivity (W/mK)
18.38384,17.03389
100,18.07171
200.20202,18.97618
301.21212,20.01731
398.9899,21.05788
500.80808,21.96263
601.0101,23.14014
