Temp (C) ,CTE (10e-6 1/K)
366.44245,10.37909
466.84106,10.93714
572.52948,11.40093
669.37386,11.98306
