Temp(C),CTE(10e-6 1/K)
100.77821,10.24213
201.55642,10.73189
299.61089,11.1456
397.66537,11.59741
498.44358,11.97287
596.49805,12.31039
697.27626,12.57158
