Temp(K),CTE(10e-6 1/K)
377.39465,9.92152
468.23906,10.67082
573.99135,11.297
681.27544,11.55456
786.61753,11.74389
884.61465,12.11082
980.60567,12.34126
1065.278,12.51729
