Temp (C) ,CTE (10e-6 1/K)
98.36066,16.35021
197.54098,16.91983
299.18033,17.40506
397.54098,17.8481
499.18033,18.31224
599.18033,18.50211
