Temperature (K),Thermal Conductivity (W/m-K)
405.66214,24.22707
476.75071,24.2146
563.27298,24.46257
641.55356,25.1506
728.20054,26.45118
808.76759,26.43705
894.06348,26.33437
