Temp (C),ThermalConductivity (W/mK)
19.19192,35.12276
100,36.77478
200.20202,37.61099
301.21212,37.62823
400.60606,36.9626
500.80808,35.47799
601.0101,33.44731
