Temp(K),Emissivity
422.25201,0.11744
523.0563,0.12925
623.3244,0.14251
723.59249,0.15634
823.3244,0.17622
