Temp(K),Emissivity
422.7882,0.08401
523.0563,0.1013
623.3244,0.12032
723.59249,0.14107
823.86059,0.16297
