Temp(K),Emissivity
435.752,0.1135
511.34664,0.12842
574.34103,0.14064
652.66671,0.15466
727.15612,0.1676
790.14459,0.17874
875.03365,0.19222
