Temp (K),SpecificHeat (J/Kg K)
291.35115,444.7738
369.90055,479.17287
472.6447,491.90991
572.2607,516.54262
673.65651,555.09676
774.81501,571.79471
879.38213,602.42703
