Temp (C),SpecificHeat (J/kg K)
50.68493,424.35803
100,458.41312
198.63014,496.41577
300,525.79663
398.63014,568.10036
500,631.88982
601.36986,712.88359
700,867.01527
